productVendor,Days
"Welly Diecast Productions",4
"Motor City Art Classics",4
"Exoto Designs",4
"Red Start Diecast",4
"Autoart Studio Design",2
"Gearbox Collectibles",2
"Motor City Art Classics",2
"Classic Metal Creations",2
"Motor City Art Classics",4
"Studio M Art Models",4
"Classic Metal Creations",73
"Second Gear Diecast",73
"Welly Diecast Productions",73
"Studio M Art Models",73
"Carousel DieCast Legends",73
"Carousel DieCast Legends",73
"Min Lin Diecast",73
"Red Start Diecast",73
"Exoto Designs",73
"Motor City Art Classics",73
"Studio M Art Models",73
"Autoart Studio Design",73
"Second Gear Diecast",73
"Motor City Art Classics",73
"Red Start Diecast",73
"Carousel DieCast Legends",73
"Welly Diecast Productions",70
"Exoto Designs",70
"Gearbox Collectibles",70
"Unimax Art Galleries",70
"Unimax Art Galleries",70
"Min Lin Diecast",70
"Highway 66 Mini Classics",70
"Carousel DieCast Legends",70
"Exoto Designs",70
"Classic Metal Creations",70
"Gearbox Collectibles",70
"Highway 66 Mini Classics",70
"Classic Metal Creations",70
"Motor City Art Classics",1
"Second Gear Diecast",1
"Second Gear Diecast",1
"Unimax Art Galleries",1
"Carousel DieCast Legends",1
"Exoto Designs",1
"Carousel DieCast Legends",1
"Min Lin Diecast",1
"Carousel DieCast Legends",1
"Autoart Studio Design",1
"Studio M Art Models",1
"Red Start Diecast",1
"Carousel DieCast Legends",1
"Welly Diecast Productions",1
"Unimax Art Galleries",1
"Red Start Diecast",4
"Gearbox Collectibles",4
"Min Lin Diecast",4
"Exoto Designs",4
"Classic Metal Creations",4
"Autoart Studio Design",4
"Autoart Studio Design",4
"Second Gear Diecast",4
"Unimax Art Galleries",4
"Highway 66 Mini Classics",4
"Studio M Art Models",4
"Min Lin Diecast",4
"Unimax Art Galleries",4
"Motor City Art Classics",4
"Highway 66 Mini Classics",4
"Motor City Art Classics",4
"Second Gear Diecast",4
"Motor City Art Classics",4
"Min Lin Diecast",2
"Highway 66 Mini Classics",2
"Red Start Diecast",2
"Unimax Art Galleries",2
"Welly Diecast Productions",2
"Autoart Studio Design",2
"Highway 66 Mini Classics",2
"Exoto Designs",2
"Autoart Studio Design",5
"Welly Diecast Productions",5
"Studio M Art Models",5
"Welly Diecast Productions",5
"Gearbox Collectibles",5
"Min Lin Diecast",5
"Gearbox Collectibles",5
"Studio M Art Models",5
"Classic Metal Creations",5
"Highway 66 Mini Classics",5
"Welly Diecast Productions",5
"Classic Metal Creations",5
"Classic Metal Creations",5
"Gearbox Collectibles",5
"Second Gear Diecast",5
"Autoart Studio Design",5
"Highway 66 Mini Classics",1
"Min Lin Diecast",1
"Red Start Diecast",1
"Unimax Art Galleries",1
"Gearbox Collectibles",1
"Second Gear Diecast",1
"Classic Metal Creations",2
"Welly Diecast Productions",2
"Motor City Art Classics",2
"Autoart Studio Design",2
"Gearbox Collectibles",2
"Exoto Designs",2
"Studio M Art Models",2
"Unimax Art Galleries",2
"Carousel DieCast Legends",2
"Motor City Art Classics",2
"Classic Metal Creations",2
"Classic Metal Creations",2
"Exoto Designs",2
"Exoto Designs",2
"Gearbox Collectibles",2
"Red Start Diecast",2
"Motor City Art Classics",5
"Studio M Art Models",5
"Min Lin Diecast",5
"Red Start Diecast",5
"Exoto Designs",5
"Second Gear Diecast",5
"Classic Metal Creations",5
"Carousel DieCast Legends",5
"Welly Diecast Productions",1
"Studio M Art Models",1
"Studio M Art Models",1
"Red Start Diecast",1
"Second Gear Diecast",1
"Unimax Art Galleries",1
"Carousel DieCast Legends",1
"Unimax Art Galleries",1
"Motor City Art Classics",1
"Autoart Studio Design",1
"Carousel DieCast Legends",1
"Motor City Art Classics",1
"Classic Metal Creations",1
"Carousel DieCast Legends",1
"Exoto Designs",3
"Gearbox Collectibles",3
"Highway 66 Mini Classics",3
"Exoto Designs",3
"Highway 66 Mini Classics",3
"Gearbox Collectibles",2
"Second Gear Diecast",1
"Welly Diecast Productions",1
"Second Gear Diecast",1
"Unimax Art Galleries",1
"Carousel DieCast Legends",1
"Min Lin Diecast",1
"Exoto Designs",1
"Carousel DieCast Legends",1
"Classic Metal Creations",1
"Studio M Art Models",1
"Welly Diecast Productions",1
"Unimax Art Galleries",1
"Carousel DieCast Legends",5
"Motor City Art Classics",74
"Red Start Diecast",74
"Min Lin Diecast",74
"Exoto Designs",74
"Autoart Studio Design",74
"Min Lin Diecast",74
"Autoart Studio Design",74
"Carousel DieCast Legends",74
"Second Gear Diecast",74
"Autoart Studio Design",74
"Unimax Art Galleries",74
"Red Start Diecast",74
"Second Gear Diecast",74
"Motor City Art Classics",74
"Highway 66 Mini Classics",72
"Red Start Diecast",72
"Gearbox Collectibles",72
"Welly Diecast Productions",72
"Autoart Studio Design",72
"Classic Metal Creations",72
"Highway 66 Mini Classics",72
"Unimax Art Galleries",72
"Exoto Designs",72
"Highway 66 Mini Classics",72
"Studio M Art Models",72
"Min Lin Diecast",72
"Motor City Art Classics",72
"Highway 66 Mini Classics",72
"Motor City Art Classics",72
"Min Lin Diecast",6
"Unimax Art Galleries",6
"Highway 66 Mini Classics",6
"Second Gear Diecast",6
"Autoart Studio Design",6
"Autoart Studio Design",5
"Welly Diecast Productions",5
"Studio M Art Models",5
"Welly Diecast Productions",5
"Highway 66 Mini Classics",5
"Gearbox Collectibles",5
"Min Lin Diecast",5
"Unimax Art Galleries",5
"Min Lin Diecast",5
"Gearbox Collectibles",5
"Studio M Art Models",5
"Classic Metal Creations",5
"Second Gear Diecast",5
"Welly Diecast Productions",5
"Classic Metal Creations",5
"Classic Metal Creations",5
"Gearbox Collectibles",5
"Classic Metal Creations",2
"Red Start Diecast",2
"Gearbox Collectibles",2
"Carousel DieCast Legends",2
"Welly Diecast Productions",4
"Motor City Art Classics",4
"Autoart Studio Design",4
"Exoto Designs",4
"Studio M Art Models",4
"Unimax Art Galleries",4
"Motor City Art Classics",4
"Classic Metal Creations",4
"Classic Metal Creations",4
"Exoto Designs",4
"Exoto Designs",4
"Gearbox Collectibles",4
"Red Start Diecast",4
"Motor City Art Classics",3
"Gearbox Collectibles",3
"Classic Metal Creations",74
"Second Gear Diecast",74
"Welly Diecast Productions",74
"Studio M Art Models",74
"Studio M Art Models",74
"Carousel DieCast Legends",74
"Carousel DieCast Legends",74
"Min Lin Diecast",74
"Red Start Diecast",74
"Exoto Designs",74
"Motor City Art Classics",74
"Studio M Art Models",74
"Autoart Studio Design",74
"Second Gear Diecast",74
"Motor City Art Classics",74
"Red Start Diecast",74
"Carousel DieCast Legends",74
"Second Gear Diecast",3
"Welly Diecast Productions",3
"Second Gear Diecast",3
"Exoto Designs",3
"Gearbox Collectibles",3
"Unimax Art Galleries",3
"Unimax Art Galleries",3
"Min Lin Diecast",3
"Highway 66 Mini Classics",3
"Carousel DieCast Legends",3
"Exoto Designs",3
"Classic Metal Creations",3
"Gearbox Collectibles",3
"Highway 66 Mini Classics",3
"Classic Metal Creations",3
"Unimax Art Galleries",5
"Carousel DieCast Legends",5
"Exoto Designs",5
"Studio M Art Models",5
"Motor City Art Classics",2
"Carousel DieCast Legends",2
"Min Lin Diecast",2
"Carousel DieCast Legends",2
"Autoart Studio Design",2
"Red Start Diecast",2
"Carousel DieCast Legends",2
"Welly Diecast Productions",2
"Unimax Art Galleries",2
"Min Lin Diecast",5
"Exoto Designs",5
"Red Start Diecast",5
"Autoart Studio Design",5
"Autoart Studio Design",5
"Second Gear Diecast",5
"Unimax Art Galleries",5
"Motor City Art Classics",5
"Second Gear Diecast",5
"Motor City Art Classics",5
"Motor City Art Classics",3
"Gearbox Collectibles",76
"Classic Metal Creations",76
"Unimax Art Galleries",76
"Exoto Designs",76
"Highway 66 Mini Classics",76
"Studio M Art Models",76
"Min Lin Diecast",76
"Highway 66 Mini Classics",76
"Min Lin Diecast",4
"Highway 66 Mini Classics",4
"Red Start Diecast",4
"Unimax Art Galleries",4
"Welly Diecast Productions",4
"Autoart Studio Design",4
"Highway 66 Mini Classics",4
"Autoart Studio Design",1
"Welly Diecast Productions",1
"Studio M Art Models",1
"Welly Diecast Productions",1
"Gearbox Collectibles",1
"Min Lin Diecast",1
"Gearbox Collectibles",1
"Studio M Art Models",1
"Classic Metal Creations",1
"Highway 66 Mini Classics",1
"Second Gear Diecast",1
"Welly Diecast Productions",1
"Classic Metal Creations",1
"Classic Metal Creations",1
"Gearbox Collectibles",1
"Second Gear Diecast",1
"Autoart Studio Design",1
"Highway 66 Mini Classics",2
"Min Lin Diecast",2
"Unimax Art Galleries",2
"Classic Metal Creations",4
"Red Start Diecast",4
"Gearbox Collectibles",4
"Carousel DieCast Legends",4
"Welly Diecast Productions",6
"Motor City Art Classics",6
"Autoart Studio Design",6
"Exoto Designs",6
"Studio M Art Models",6
"Unimax Art Galleries",6
"Motor City Art Classics",6
"Classic Metal Creations",6
"Classic Metal Creations",6
"Exoto Designs",6
"Exoto Designs",6
"Gearbox Collectibles",6
"Red Start Diecast",6
"Motor City Art Classics",5
"Studio M Art Models",5
"Gearbox Collectibles",5
"Carousel DieCast Legends",5
"Min Lin Diecast",5
"Red Start Diecast",5
"Exoto Designs",5
"Second Gear Diecast",5
"Classic Metal Creations",6
"Second Gear Diecast",6
"Welly Diecast Productions",6
"Studio M Art Models",6
"Carousel DieCast Legends",6
"Motor City Art Classics",6
"Studio M Art Models",6
"Autoart Studio Design",6
"Motor City Art Classics",6
"Red Start Diecast",6
"Carousel DieCast Legends",6
"Exoto Designs",3
"Gearbox Collectibles",3
"Unimax Art Galleries",3
"Unimax Art Galleries",3
"Highway 66 Mini Classics",3
"Carousel DieCast Legends",3
"Exoto Designs",3
"Classic Metal Creations",3
"Highway 66 Mini Classics",3
"Second Gear Diecast",5
"Welly Diecast Productions",5
"Second Gear Diecast",5
"Unimax Art Galleries",5
"Carousel DieCast Legends",5
"Min Lin Diecast",5
"Exoto Designs",5
"Carousel DieCast Legends",5
"Min Lin Diecast",5
"Gearbox Collectibles",5
"Classic Metal Creations",5
"Autoart Studio Design",5
"Studio M Art Models",5
"Carousel DieCast Legends",5
"Welly Diecast Productions",5
"Unimax Art Galleries",5
"Motor City Art Classics",2
"Red Start Diecast",2
"Min Lin Diecast",2
"Exoto Designs",2
"Autoart Studio Design",2
"Autoart Studio Design",2
"Carousel DieCast Legends",2
"Second Gear Diecast",2
"Studio M Art Models",2
"Min Lin Diecast",2
"Unimax Art Galleries",2
"Motor City Art Classics",2
"Red Start Diecast",2
"Motor City Art Classics",2
"Second Gear Diecast",2
"Motor City Art Classics",2
"Highway 66 Mini Classics",1
"Min Lin Diecast",6
"Highway 66 Mini Classics",6
"Red Start Diecast",6
"Unimax Art Galleries",6
"Gearbox Collectibles",6
"Welly Diecast Productions",6
"Autoart Studio Design",6
"Classic Metal Creations",6
"Highway 66 Mini Classics",6
"Highway 66 Mini Classics",6
"Unimax Art Galleries",6
"Exoto Designs",6
"Gearbox Collectibles",6
"Second Gear Diecast",6
"Autoart Studio Design",6
"Highway 66 Mini Classics",6
"Studio M Art Models",3
"Classic Metal Creations",3
"Autoart Studio Design",4
"Welly Diecast Productions",4
"Studio M Art Models",4
"Welly Diecast Productions",4
"Gearbox Collectibles",4
"Min Lin Diecast",4
"Gearbox Collectibles",4
"Second Gear Diecast",4
"Welly Diecast Productions",4
"Classic Metal Creations",4
"Classic Metal Creations",4
"Highway 66 Mini Classics",4
"Classic Metal Creations",4
"Min Lin Diecast",4
"Red Start Diecast",4
"Unimax Art Galleries",4
"Gearbox Collectibles",4
"Exoto Designs",4
"Studio M Art Models",4
"Unimax Art Galleries",4
"Carousel DieCast Legends",4
"Classic Metal Creations",4
"Exoto Designs",4
"Exoto Designs",4
"Gearbox Collectibles",4
"Motor City Art Classics",5
"Studio M Art Models",5
"Welly Diecast Productions",5
"Motor City Art Classics",5
"Autoart Studio Design",5
"Gearbox Collectibles",5
"Exoto Designs",5
"Motor City Art Classics",5
"Classic Metal Creations",5
"Red Start Diecast",5
"Second Gear Diecast",5
"Classic Metal Creations",2
"Second Gear Diecast",2
"Welly Diecast Productions",2
"Studio M Art Models",2
"Carousel DieCast Legends",2
"Min Lin Diecast",2
"Red Start Diecast",2
"Motor City Art Classics",2
"Studio M Art Models",2
"Red Start Diecast",2
"Carousel DieCast Legends",2
"Exoto Designs",3
"Gearbox Collectibles",3
"Unimax Art Galleries",3
"Carousel DieCast Legends",3
"Unimax Art Galleries",3
"Autoart Studio Design",3
"Carousel DieCast Legends",3
"Motor City Art Classics",3
"Classic Metal Creations",3
"Highway 66 Mini Classics",3
"Min Lin Diecast",76
"Highway 66 Mini Classics",76
"Exoto Designs",76
"Gearbox Collectibles",76
"Second Gear Diecast",75
"Welly Diecast Productions",75
"Second Gear Diecast",75
"Unimax Art Galleries",75
"Carousel DieCast Legends",75
"Exoto Designs",75
"Carousel DieCast Legends",75
"Classic Metal Creations",75
"Autoart Studio Design",75
"Studio M Art Models",75
"Carousel DieCast Legends",75
"Welly Diecast Productions",75
"Unimax Art Galleries",75
"Min Lin Diecast",6
"Red Start Diecast",6
"Motor City Art Classics",1
"Red Start Diecast",1
"Min Lin Diecast",1
"Exoto Designs",1
"Autoart Studio Design",1
"Autoart Studio Design",1
"Carousel DieCast Legends",1
"Second Gear Diecast",1
"Unimax Art Galleries",1
"Motor City Art Classics",1
"Motor City Art Classics",1
"Second Gear Diecast",1
"Motor City Art Classics",1
"Studio M Art Models",3
"Min Lin Diecast",3
"Gearbox Collectibles",5
"Classic Metal Creations",5
"Unimax Art Galleries",5
"Exoto Designs",5
"Highway 66 Mini Classics",5
"Highway 66 Mini Classics",5
"Highway 66 Mini Classics",5
"Min Lin Diecast",6
"Highway 66 Mini Classics",6
"Red Start Diecast",6
"Autoart Studio Design",6
"Unimax Art Galleries",6
"Studio M Art Models",6
"Welly Diecast Productions",6
"Min Lin Diecast",6
"Gearbox Collectibles",6
"Studio M Art Models",6
"Classic Metal Creations",6
"Autoart Studio Design",6
"Highway 66 Mini Classics",6
"Welly Diecast Productions",6
"Classic Metal Creations",6
"Gearbox Collectibles",6
"Second Gear Diecast",6
"Autoart Studio Design",6
"Welly Diecast Productions",6
"Welly Diecast Productions",6
"Gearbox Collectibles",6
"Unimax Art Galleries",6
"Second Gear Diecast",6
"Classic Metal Creations",6
"Highway 66 Mini Classics",3
"Classic Metal Creations",3
"Min Lin Diecast",3
"Red Start Diecast",3
"Gearbox Collectibles",3
"Studio M Art Models",3
"Unimax Art Galleries",3
"Carousel DieCast Legends",3
"Classic Metal Creations",3
"Exoto Designs",3
"Exoto Designs",3
"Gearbox Collectibles",3
"Motor City Art Classics",1
"Studio M Art Models",1
"Welly Diecast Productions",1
"Motor City Art Classics",1
"Autoart Studio Design",1
"Gearbox Collectibles",1
"Exoto Designs",1
"Motor City Art Classics",1
"Classic Metal Creations",1
"Red Start Diecast",1
"Classic Metal Creations",4
"Carousel DieCast Legends",4
"Min Lin Diecast",4
"Red Start Diecast",4
"Exoto Designs",4
"Second Gear Diecast",4
"Second Gear Diecast",2
"Welly Diecast Productions",2
"Studio M Art Models",2
"Motor City Art Classics",2
"Studio M Art Models",2
"Motor City Art Classics",2
"Red Start Diecast",2
"Carousel DieCast Legends",2
"Second Gear Diecast",204
"Welly Diecast Productions",204
"Second Gear Diecast",204
"Exoto Designs",204
"Gearbox Collectibles",204
"Unimax Art Galleries",204
"Carousel DieCast Legends",204
"Unimax Art Galleries",204
"Carousel DieCast Legends",204
"Min Lin Diecast",204
"Highway 66 Mini Classics",204
"Autoart Studio Design",204
"Carousel DieCast Legends",204
"Exoto Designs",204
"Classic Metal Creations",204
"Gearbox Collectibles",204
"Highway 66 Mini Classics",204
"Classic Metal Creations",204
"Unimax Art Galleries",6
"Exoto Designs",6
"Studio M Art Models",6
"Motor City Art Classics",NULL
"Red Start Diecast",NULL
"Min Lin Diecast",NULL
"Exoto Designs",NULL
"Carousel DieCast Legends",NULL
"Autoart Studio Design",NULL
"Min Lin Diecast",NULL
"Autoart Studio Design",NULL
"Carousel DieCast Legends",NULL
"Autoart Studio Design",NULL
"Unimax Art Galleries",NULL
"Red Start Diecast",NULL
"Carousel DieCast Legends",NULL
"Welly Diecast Productions",NULL
"Motor City Art Classics",NULL
"Unimax Art Galleries",NULL
"Min Lin Diecast",73
"Highway 66 Mini Classics",73
"Red Start Diecast",73
"Gearbox Collectibles",73
"Welly Diecast Productions",73
"Autoart Studio Design",73
"Classic Metal Creations",73
"Highway 66 Mini Classics",73
"Second Gear Diecast",73
"Unimax Art Galleries",73
"Exoto Designs",73
"Highway 66 Mini Classics",73
"Studio M Art Models",73
"Min Lin Diecast",73
"Motor City Art Classics",73
"Highway 66 Mini Classics",73
"Motor City Art Classics",73
"Second Gear Diecast",73
"Autoart Studio Design",5
"Unimax Art Galleries",5
"Studio M Art Models",5
"Min Lin Diecast",5
"Gearbox Collectibles",5
"Studio M Art Models",5
"Classic Metal Creations",5
"Highway 66 Mini Classics",5
"Welly Diecast Productions",5
"Classic Metal Creations",5
"Gearbox Collectibles",5
"Second Gear Diecast",5
"Autoart Studio Design",5
"Welly Diecast Productions",3
"Welly Diecast Productions",3
"Gearbox Collectibles",3
"Classic Metal Creations",3
"Highway 66 Mini Classics",2
"Min Lin Diecast",2
"Unimax Art Galleries",2
"Second Gear Diecast",2
"Classic Metal Creations",6
"Red Start Diecast",6
"Gearbox Collectibles",6
"Unimax Art Galleries",6
"Carousel DieCast Legends",6
"Classic Metal Creations",6
"Exoto Designs",6
"Gearbox Collectibles",6
"Motor City Art Classics",4
"Studio M Art Models",4
"Welly Diecast Productions",4
"Motor City Art Classics",4
"Autoart Studio Design",4
"Gearbox Collectibles",4
"Min Lin Diecast",4
"Red Start Diecast",4
"Exoto Designs",4
"Exoto Designs",4
"Studio M Art Models",4
"Motor City Art Classics",4
"Classic Metal Creations",4
"Exoto Designs",4
"Red Start Diecast",4
"Second Gear Diecast",4
"Classic Metal Creations",4
"Welly Diecast Productions",4
"Studio M Art Models",4
"Carousel DieCast Legends",4
"Studio M Art Models",4
"Second Gear Diecast",3
"Exoto Designs",3
"Unimax Art Galleries",3
"Carousel DieCast Legends",3
"Unimax Art Galleries",3
"Motor City Art Classics",3
"Autoart Studio Design",3
"Carousel DieCast Legends",3
"Motor City Art Classics",3
"Classic Metal Creations",3
"Red Start Diecast",3
"Carousel DieCast Legends",3
"Second Gear Diecast",6
"Welly Diecast Productions",6
"Second Gear Diecast",6
"Gearbox Collectibles",6
"Min Lin Diecast",6
"Highway 66 Mini Classics",6
"Exoto Designs",6
"Gearbox Collectibles",6
"Highway 66 Mini Classics",6
"Classic Metal Creations",6
"Unimax Art Galleries",5
"Carousel DieCast Legends",5
"Exoto Designs",5
"Carousel DieCast Legends",5
"Min Lin Diecast",5
"Autoart Studio Design",5
"Studio M Art Models",5
"Red Start Diecast",5
"Carousel DieCast Legends",5
"Welly Diecast Productions",5
"Unimax Art Galleries",5
"Motor City Art Classics",2
"Red Start Diecast",2
"Min Lin Diecast",2
"Exoto Designs",2
"Autoart Studio Design",2
"Autoart Studio Design",2
"Carousel DieCast Legends",2
"Second Gear Diecast",2
"Unimax Art Galleries",2
"Motor City Art Classics",2
"Second Gear Diecast",2
"Motor City Art Classics",2
"Gearbox Collectibles",2
"Classic Metal Creations",2
"Unimax Art Galleries",2
"Exoto Designs",2
"Highway 66 Mini Classics",2
"Studio M Art Models",2
"Min Lin Diecast",2
"Highway 66 Mini Classics",2
"Motor City Art Classics",2
"Min Lin Diecast",3
"Highway 66 Mini Classics",3
"Red Start Diecast",3
"Unimax Art Galleries",3
"Welly Diecast Productions",3
"Studio M Art Models",3
"Classic Metal Creations",3
"Autoart Studio Design",3
"Highway 66 Mini Classics",3
"Highway 66 Mini Classics",3
"Classic Metal Creations",3
"Gearbox Collectibles",3
"Second Gear Diecast",3
"Autoart Studio Design",3
"Autoart Studio Design",3
"Welly Diecast Productions",3
"Studio M Art Models",3
"Welly Diecast Productions",3
"Highway 66 Mini Classics",3
"Classic Metal Creations",3
"Gearbox Collectibles",3
"Min Lin Diecast",3
"Red Start Diecast",3
"Unimax Art Galleries",3
"Min Lin Diecast",3
"Gearbox Collectibles",3
"Gearbox Collectibles",3
"Carousel DieCast Legends",3
"Second Gear Diecast",3
"Welly Diecast Productions",3
"Classic Metal Creations",3
"Motor City Art Classics",6
"Studio M Art Models",6
"Welly Diecast Productions",6
"Motor City Art Classics",6
"Autoart Studio Design",6
"Gearbox Collectibles",6
"Exoto Designs",6
"Exoto Designs",6
"Studio M Art Models",6
"Unimax Art Galleries",6
"Motor City Art Classics",6
"Classic Metal Creations",6
"Classic Metal Creations",6
"Exoto Designs",6
"Exoto Designs",6
"Gearbox Collectibles",6
"Red Start Diecast",6
"Classic Metal Creations",2
"Second Gear Diecast",2
"Welly Diecast Productions",2
"Studio M Art Models",2
"Carousel DieCast Legends",2
"Min Lin Diecast",2
"Red Start Diecast",2
"Motor City Art Classics",2
"Studio M Art Models",2
"Second Gear Diecast",2
"Red Start Diecast",2
"Carousel DieCast Legends",2
"Exoto Designs",6
"Gearbox Collectibles",6
"Unimax Art Galleries",6
"Carousel DieCast Legends",6
"Unimax Art Galleries",6
"Highway 66 Mini Classics",6
"Autoart Studio Design",6
"Carousel DieCast Legends",6
"Exoto Designs",6
"Motor City Art Classics",6
"Classic Metal Creations",6
"Gearbox Collectibles",6
"Highway 66 Mini Classics",6
"Second Gear Diecast",6
"Welly Diecast Productions",6
"Second Gear Diecast",6
"Unimax Art Galleries",6
"Carousel DieCast Legends",6
"Min Lin Diecast",6
"Exoto Designs",6
"Carousel DieCast Legends",6
"Min Lin Diecast",6
"Classic Metal Creations",6
"Autoart Studio Design",6
"Studio M Art Models",6
"Red Start Diecast",6
"Carousel DieCast Legends",6
"Welly Diecast Productions",6
"Unimax Art Galleries",6
"Motor City Art Classics",4
"Red Start Diecast",4
"Min Lin Diecast",4
"Exoto Designs",4
"Autoart Studio Design",4
"Autoart Studio Design",4
"Carousel DieCast Legends",4
"Unimax Art Galleries",4
"Motor City Art Classics",4
"Gearbox Collectibles",1
"Classic Metal Creations",1
"Second Gear Diecast",1
"Unimax Art Galleries",1
"Highway 66 Mini Classics",1
"Studio M Art Models",1
"Min Lin Diecast",1
"Motor City Art Classics",1
"Motor City Art Classics",1
"Second Gear Diecast",1
"Min Lin Diecast",6
"Highway 66 Mini Classics",6
"Red Start Diecast",6
"Welly Diecast Productions",6
"Autoart Studio Design",6
"Highway 66 Mini Classics",6
"Exoto Designs",6
"Highway 66 Mini Classics",6
"Unimax Art Galleries",6
"Highway 66 Mini Classics",1
"Gearbox Collectibles",1
"Second Gear Diecast",1
"Autoart Studio Design",1
"Autoart Studio Design",4
"Welly Diecast Productions",4
"Studio M Art Models",4
"Min Lin Diecast",4
"Gearbox Collectibles",4
"Studio M Art Models",4
"Classic Metal Creations",4
"Welly Diecast Productions",4
"Classic Metal Creations",4
"Welly Diecast Productions",5
"Highway 66 Mini Classics",5
"Classic Metal Creations",5
"Gearbox Collectibles",5
"Min Lin Diecast",5
"Red Start Diecast",5
"Unimax Art Galleries",5
"Gearbox Collectibles",5
"Unimax Art Galleries",5
"Carousel DieCast Legends",5
"Classic Metal Creations",5
"Exoto Designs",5
"Second Gear Diecast",5
"Exoto Designs",5
"Gearbox Collectibles",5
"Classic Metal Creations",5
"Motor City Art Classics",6
"Studio M Art Models",6
"Welly Diecast Productions",6
"Motor City Art Classics",6
"Autoart Studio Design",6
"Gearbox Collectibles",6
"Carousel DieCast Legends",6
"Min Lin Diecast",6
"Red Start Diecast",6
"Exoto Designs",6
"Exoto Designs",6
"Studio M Art Models",6
"Motor City Art Classics",6
"Classic Metal Creations",6
"Red Start Diecast",6
"Second Gear Diecast",6
"Classic Metal Creations",1
"Second Gear Diecast",1
"Welly Diecast Productions",1
"Studio M Art Models",1
"Carousel DieCast Legends",1
"Motor City Art Classics",1
"Studio M Art Models",1
"Autoart Studio Design",1
"Motor City Art Classics",1
"Red Start Diecast",1
"Carousel DieCast Legends",1
"Exoto Designs",3
"Gearbox Collectibles",3
"Unimax Art Galleries",3
"Unimax Art Galleries",3
"Highway 66 Mini Classics",3
"Carousel DieCast Legends",3
"Exoto Designs",3
"Classic Metal Creations",3
"Gearbox Collectibles",3
"Highway 66 Mini Classics",3
"Second Gear Diecast",75
"Welly Diecast Productions",75
"Second Gear Diecast",75
"Unimax Art Galleries",75
"Carousel DieCast Legends",75
"Min Lin Diecast",75
"Classic Metal Creations",75
"Studio M Art Models",75
"Motor City Art Classics",75
"Min Lin Diecast",75
"Exoto Designs",75
"Exoto Designs",75
"Carousel DieCast Legends",75
"Min Lin Diecast",75
"Carousel DieCast Legends",75
"Autoart Studio Design",75
"Unimax Art Galleries",75
"Red Start Diecast",75
"Carousel DieCast Legends",75
"Welly Diecast Productions",75
"Motor City Art Classics",75
"Unimax Art Galleries",75
"Red Start Diecast",76
"Autoart Studio Design",76
"Autoart Studio Design",76
"Second Gear Diecast",76
"Motor City Art Classics",76
"Second Gear Diecast",76
"Studio M Art Models",5
"Min Lin Diecast",5
"Motor City Art Classics",5
"Gearbox Collectibles",5
"Classic Metal Creations",5
"Unimax Art Galleries",5
"Exoto Designs",5
"Highway 66 Mini Classics",5
"Highway 66 Mini Classics",5
"Min Lin Diecast",1
"Highway 66 Mini Classics",1
"Red Start Diecast",1
"Unimax Art Galleries",1
"Welly Diecast Productions",1
"Autoart Studio Design",1
"Highway 66 Mini Classics",1
"Studio M Art Models",4
"Classic Metal Creations",4
"Highway 66 Mini Classics",4
"Classic Metal Creations",4
"Gearbox Collectibles",4
"Second Gear Diecast",4
"Autoart Studio Design",4
"Autoart Studio Design",5
"Welly Diecast Productions",5
"Studio M Art Models",5
"Welly Diecast Productions",5
"Gearbox Collectibles",5
"Unimax Art Galleries",5
"Min Lin Diecast",5
"Gearbox Collectibles",5
"Second Gear Diecast",5
"Welly Diecast Productions",5
"Classic Metal Creations",5
"Highway 66 Mini Classics",2
"Classic Metal Creations",2
"Welly Diecast Productions",2
"Min Lin Diecast",2
"Motor City Art Classics",2
"Autoart Studio Design",2
"Red Start Diecast",2
"Gearbox Collectibles",2
"Exoto Designs",2
"Studio M Art Models",2
"Unimax Art Galleries",2
"Carousel DieCast Legends",2
"Classic Metal Creations",2
"Exoto Designs",2
"Exoto Designs",2
"Gearbox Collectibles",2
"Red Start Diecast",2
"Motor City Art Classics",4
"Studio M Art Models",4
"Gearbox Collectibles",4
"Motor City Art Classics",4
"Classic Metal Creations",4
"Classic Metal Creations",3
"Welly Diecast Productions",3
"Studio M Art Models",3
"Carousel DieCast Legends",3
"Min Lin Diecast",3
"Red Start Diecast",3
"Exoto Designs",3
"Studio M Art Models",3
"Second Gear Diecast",3
"Red Start Diecast",3
"Carousel DieCast Legends",3
"Second Gear Diecast",2
"Exoto Designs",2
"Gearbox Collectibles",2
"Unimax Art Galleries",2
"Carousel DieCast Legends",2
"Unimax Art Galleries",2
"Min Lin Diecast",2
"Motor City Art Classics",2
"Highway 66 Mini Classics",2
"Autoart Studio Design",2
"Carousel DieCast Legends",2
"Exoto Designs",2
"Motor City Art Classics",2
"Classic Metal Creations",2
"Gearbox Collectibles",2
"Highway 66 Mini Classics",2
"Second Gear Diecast",2
"Welly Diecast Productions",2
"Second Gear Diecast",2
"Unimax Art Galleries",2
"Carousel DieCast Legends",2
"Exoto Designs",2
"Carousel DieCast Legends",2
"Min Lin Diecast",2
"Classic Metal Creations",2
"Autoart Studio Design",2
"Studio M Art Models",2
"Red Start Diecast",2
"Carousel DieCast Legends",2
"Welly Diecast Productions",2
"Unimax Art Galleries",2
"Motor City Art Classics",3
"Min Lin Diecast",3
"Exoto Designs",3
"Autoart Studio Design",3
"Autoart Studio Design",3
"Carousel DieCast Legends",3
"Unimax Art Galleries",3
"Motor City Art Classics",3
"Highway 66 Mini Classics",8
"Red Start Diecast",8
"Red Start Diecast",8
"Gearbox Collectibles",8
"Welly Diecast Productions",8
"Classic Metal Creations",8
"Highway 66 Mini Classics",8
"Second Gear Diecast",8
"Unimax Art Galleries",8
"Exoto Designs",8
"Highway 66 Mini Classics",8
"Studio M Art Models",8
"Min Lin Diecast",8
"Motor City Art Classics",8
"Highway 66 Mini Classics",8
"Motor City Art Classics",8
"Second Gear Diecast",8
"Min Lin Diecast",3
"Autoart Studio Design",3
"Unimax Art Galleries",3
"Studio M Art Models",3
"Min Lin Diecast",3
"Gearbox Collectibles",3
"Studio M Art Models",3
"Classic Metal Creations",3
"Autoart Studio Design",3
"Highway 66 Mini Classics",3
"Welly Diecast Productions",3
"Classic Metal Creations",3
"Gearbox Collectibles",3
"Second Gear Diecast",3
"Autoart Studio Design",3
"Welly Diecast Productions",2
"Welly Diecast Productions",2
"Highway 66 Mini Classics",2
"Classic Metal Creations",2
"Gearbox Collectibles",2
"Min Lin Diecast",2
"Red Start Diecast",2
"Unimax Art Galleries",2
"Gearbox Collectibles",2
"Unimax Art Galleries",2
"Carousel DieCast Legends",2
"Classic Metal Creations",2
"Second Gear Diecast",2
"Exoto Designs",2
"Gearbox Collectibles",2
"Classic Metal Creations",2
"Exoto Designs",5
"Studio M Art Models",5
"Exoto Designs",5
"Welly Diecast Productions",3
"Motor City Art Classics",3
"Autoart Studio Design",3
"Gearbox Collectibles",3
"Motor City Art Classics",3
"Classic Metal Creations",3
"Red Start Diecast",3
"Classic Metal Creations",72
"Studio M Art Models",72
"Motor City Art Classics",72
"Studio M Art Models",72
"Carousel DieCast Legends",72
"Min Lin Diecast",72
"Red Start Diecast",72
"Exoto Designs",72
"Studio M Art Models",72
"Second Gear Diecast",72
"Welly Diecast Productions",2
"Second Gear Diecast",2
"Carousel DieCast Legends",2
"Motor City Art Classics",2
"Autoart Studio Design",2
"Motor City Art Classics",2
"Red Start Diecast",2
"Carousel DieCast Legends",2
"Unimax Art Galleries",2
"Unimax Art Galleries",2
"Exoto Designs",2
"Gearbox Collectibles",2
"Carousel DieCast Legends",2
"Classic Metal Creations",2
"Second Gear Diecast",4
"Welly Diecast Productions",4
"Second Gear Diecast",4
"Min Lin Diecast",4
"Highway 66 Mini Classics",4
"Exoto Designs",4
"Gearbox Collectibles",4
"Highway 66 Mini Classics",4
"Classic Metal Creations",4
"Unimax Art Galleries",1
"Carousel DieCast Legends",1
"Exoto Designs",1
"Carousel DieCast Legends",1
"Studio M Art Models",1
"Motor City Art Classics",1
"Red Start Diecast",1
"Min Lin Diecast",1
"Exoto Designs",1
"Autoart Studio Design",1
"Min Lin Diecast",1
"Autoart Studio Design",1
"Carousel DieCast Legends",1
"Second Gear Diecast",1
"Autoart Studio Design",1
"Unimax Art Galleries",1
"Motor City Art Classics",1
"Red Start Diecast",1
"Carousel DieCast Legends",1
"Welly Diecast Productions",1
"Second Gear Diecast",1
"Motor City Art Classics",1
"Unimax Art Galleries",1
"Min Lin Diecast",4
"Highway 66 Mini Classics",4
"Red Start Diecast",4
"Gearbox Collectibles",4
"Welly Diecast Productions",4
"Autoart Studio Design",4
"Classic Metal Creations",4
"Highway 66 Mini Classics",4
"Unimax Art Galleries",4
"Exoto Designs",4
"Highway 66 Mini Classics",4
"Studio M Art Models",4
"Min Lin Diecast",4
"Highway 66 Mini Classics",4
"Motor City Art Classics",4
"Unimax Art Galleries",5
"Studio M Art Models",5
"Highway 66 Mini Classics",5
"Gearbox Collectibles",5
"Second Gear Diecast",5
"Autoart Studio Design",5
"Autoart Studio Design",2
"Welly Diecast Productions",2
"Studio M Art Models",2
"Welly Diecast Productions",2
"Highway 66 Mini Classics",2
"Gearbox Collectibles",2
"Unimax Art Galleries",2
"Min Lin Diecast",2
"Gearbox Collectibles",2
"Classic Metal Creations",2
"Second Gear Diecast",2
"Welly Diecast Productions",2
"Classic Metal Creations",2
"Classic Metal Creations",2
"Classic Metal Creations",76
"Min Lin Diecast",76
"Red Start Diecast",76
"Gearbox Collectibles",76
"Unimax Art Galleries",76
"Carousel DieCast Legends",76
"Gearbox Collectibles",76
"Motor City Art Classics",6
"Studio M Art Models",6
"Welly Diecast Productions",6
"Motor City Art Classics",6
"Autoart Studio Design",6
"Gearbox Collectibles",6
"Exoto Designs",6
"Exoto Designs",6
"Studio M Art Models",6
"Motor City Art Classics",6
"Classic Metal Creations",6
"Classic Metal Creations",6
"Exoto Designs",6
"Exoto Designs",6
"Red Start Diecast",6
"Classic Metal Creations",3
"Studio M Art Models",3
"Carousel DieCast Legends",3
"Min Lin Diecast",3
"Red Start Diecast",3
"Second Gear Diecast",3
"Second Gear Diecast",1
"Welly Diecast Productions",1
"Exoto Designs",1
"Unimax Art Galleries",1
"Carousel DieCast Legends",1
"Unimax Art Galleries",1
"Motor City Art Classics",1
"Studio M Art Models",1
"Autoart Studio Design",1
"Carousel DieCast Legends",1
"Motor City Art Classics",1
"Classic Metal Creations",1
"Red Start Diecast",1
"Carousel DieCast Legends",1
"Welly Diecast Productions",5
"Gearbox Collectibles",5
"Min Lin Diecast",5
"Highway 66 Mini Classics",5
"Exoto Designs",5
"Gearbox Collectibles",5
"Highway 66 Mini Classics",5
"Classic Metal Creations",5
"Second Gear Diecast",6
"Second Gear Diecast",6
"Unimax Art Galleries",5
"Carousel DieCast Legends",5
"Exoto Designs",5
"Carousel DieCast Legends",5
"Studio M Art Models",5
"Carousel DieCast Legends",5
"Welly Diecast Productions",5
"Unimax Art Galleries",5
"Min Lin Diecast",73
"Autoart Studio Design",73
"Red Start Diecast",73
"Motor City Art Classics",72
"Red Start Diecast",72
"Min Lin Diecast",72
"Exoto Designs",72
"Autoart Studio Design",72
"Autoart Studio Design",72
"Carousel DieCast Legends",72
"Unimax Art Galleries",72
"Motor City Art Classics",72
"Gearbox Collectibles",4
"Classic Metal Creations",4
"Second Gear Diecast",4
"Unimax Art Galleries",4
"Exoto Designs",4
"Highway 66 Mini Classics",4
"Studio M Art Models",4
"Min Lin Diecast",4
"Motor City Art Classics",4
"Highway 66 Mini Classics",4
"Motor City Art Classics",4
"Second Gear Diecast",4
"Highway 66 Mini Classics",5
"Welly Diecast Productions",5
"Highway 66 Mini Classics",5
"Min Lin Diecast",5
"Red Start Diecast",5
"Unimax Art Galleries",5
"Studio M Art Models",5
"Autoart Studio Design",5
"Highway 66 Mini Classics",5
"Gearbox Collectibles",5
"Second Gear Diecast",5
"Autoart Studio Design",5
"Autoart Studio Design",1
"Welly Diecast Productions",1
"Studio M Art Models",1
"Min Lin Diecast",1
"Gearbox Collectibles",1
"Classic Metal Creations",1
"Welly Diecast Productions",1
"Classic Metal Creations",1
"Welly Diecast Productions",5
"Gearbox Collectibles",5
"Unimax Art Galleries",5
"Second Gear Diecast",5
"Classic Metal Creations",5
"Highway 66 Mini Classics",7
"Min Lin Diecast",7
"Gearbox Collectibles",7
"Classic Metal Creations",6
"Welly Diecast Productions",6
"Motor City Art Classics",6
"Red Start Diecast",6
"Exoto Designs",6
"Studio M Art Models",6
"Unimax Art Galleries",6
"Carousel DieCast Legends",6
"Classic Metal Creations",6
"Exoto Designs",6
"Exoto Designs",6
"Gearbox Collectibles",6
"Red Start Diecast",5
"Autoart Studio Design",2
"Motor City Art Classics",2
"Motor City Art Classics",75
"Studio M Art Models",75
"Gearbox Collectibles",75
"Carousel DieCast Legends",75
"Min Lin Diecast",75
"Red Start Diecast",75
"Exoto Designs",75
"Classic Metal Creations",75
"Second Gear Diecast",75
"Classic Metal Creations",5
"Second Gear Diecast",5
"Welly Diecast Productions",5
"Studio M Art Models",5
"Motor City Art Classics",5
"Studio M Art Models",5
"Motor City Art Classics",5
"Red Start Diecast",5
"Carousel DieCast Legends",5
"Exoto Designs",1
"Gearbox Collectibles",1
"Unimax Art Galleries",1
"Carousel DieCast Legends",1
"Unimax Art Galleries",1
"Highway 66 Mini Classics",1
"Autoart Studio Design",1
"Carousel DieCast Legends",1
"Exoto Designs",1
"Classic Metal Creations",1
"Highway 66 Mini Classics",1
"Second Gear Diecast",3
"Welly Diecast Productions",3
"Second Gear Diecast",3
"Min Lin Diecast",3
"Gearbox Collectibles",3
"Classic Metal Creations",3
"Motor City Art Classics",NULL
"Min Lin Diecast",NULL
"Unimax Art Galleries",NULL
"Carousel DieCast Legends",NULL
"Exoto Designs",NULL
"Carousel DieCast Legends",NULL
"Min Lin Diecast",NULL
"Carousel DieCast Legends",NULL
"Autoart Studio Design",NULL
"Studio M Art Models",NULL
"Red Start Diecast",NULL
"Carousel DieCast Legends",NULL
"Welly Diecast Productions",NULL
"Unimax Art Galleries",NULL
"Exoto Designs",3
"Autoart Studio Design",3
"Autoart Studio Design",3
"Unimax Art Galleries",3
"Motor City Art Classics",3
"Red Start Diecast",4
"Gearbox Collectibles",4
"Classic Metal Creations",4
"Highway 66 Mini Classics",4
"Second Gear Diecast",4
"Unimax Art Galleries",4
"Exoto Designs",4
"Highway 66 Mini Classics",4
"Studio M Art Models",4
"Min Lin Diecast",4
"Motor City Art Classics",4
"Highway 66 Mini Classics",4
"Motor City Art Classics",4
"Second Gear Diecast",4
"Min Lin Diecast",6
"Highway 66 Mini Classics",6
"Red Start Diecast",6
"Unimax Art Galleries",6
"Welly Diecast Productions",6
"Autoart Studio Design",6
"Min Lin Diecast",3
"Gearbox Collectibles",3
"Studio M Art Models",3
"Classic Metal Creations",3
"Highway 66 Mini Classics",3
"Classic Metal Creations",3
"Gearbox Collectibles",3
"Second Gear Diecast",3
"Autoart Studio Design",3
"Autoart Studio Design",1
"Welly Diecast Productions",1
"Studio M Art Models",1
"Welly Diecast Productions",1
"Highway 66 Mini Classics",1
"Classic Metal Creations",1
"Gearbox Collectibles",1
"Min Lin Diecast",1
"Red Start Diecast",1
"Unimax Art Galleries",1
"Gearbox Collectibles",1
"Second Gear Diecast",1
"Welly Diecast Productions",1
"Classic Metal Creations",1
"Welly Diecast Productions",1
"Motor City Art Classics",1
"Autoart Studio Design",1
"Exoto Designs",1
"Studio M Art Models",1
"Unimax Art Galleries",1
"Carousel DieCast Legends",1
"Motor City Art Classics",1
"Classic Metal Creations",1
"Exoto Designs",1
"Exoto Designs",1
"Gearbox Collectibles",1
"Red Start Diecast",1
"Gearbox Collectibles",5
"Classic Metal Creations",5
"Motor City Art Classics",2
"Studio M Art Models",2
"Carousel DieCast Legends",1
"Min Lin Diecast",1
"Red Start Diecast",1
"Exoto Designs",1
"Second Gear Diecast",1
"Classic Metal Creations",8
"Welly Diecast Productions",8
"Studio M Art Models",8
"Studio M Art Models",8
"Red Start Diecast",8
"Carousel DieCast Legends",8
"Second Gear Diecast",2
"Exoto Designs",2
"Gearbox Collectibles",2
"Unimax Art Galleries",2
"Carousel DieCast Legends",2
"Unimax Art Galleries",2
"Motor City Art Classics",2
"Highway 66 Mini Classics",2
"Autoart Studio Design",2
"Carousel DieCast Legends",2
"Motor City Art Classics",2
"Classic Metal Creations",2
"Highway 66 Mini Classics",2
"Second Gear Diecast",NULL
"Welly Diecast Productions",NULL
"Second Gear Diecast",NULL
"Unimax Art Galleries",NULL
"Carousel DieCast Legends",NULL
"Min Lin Diecast",NULL
"Exoto Designs",NULL
"Gearbox Collectibles",NULL
"Classic Metal Creations",NULL
"Studio M Art Models",NULL
"Motor City Art Classics",5
"Exoto Designs",5
"Carousel DieCast Legends",5
"Min Lin Diecast",5
"Autoart Studio Design",5
"Red Start Diecast",5
"Carousel DieCast Legends",5
"Welly Diecast Productions",5
"Unimax Art Galleries",5
"Red Start Diecast",NULL
"Min Lin Diecast",NULL
"Exoto Designs",NULL
"Classic Metal Creations",NULL
"Autoart Studio Design",NULL
"Autoart Studio Design",NULL
"Carousel DieCast Legends",NULL
"Second Gear Diecast",NULL
"Highway 66 Mini Classics",NULL
"Studio M Art Models",NULL
"Min Lin Diecast",NULL
"Unimax Art Galleries",NULL
"Motor City Art Classics",NULL
"Motor City Art Classics",NULL
"Second Gear Diecast",NULL
"Motor City Art Classics",NULL
"Min Lin Diecast",74
"Highway 66 Mini Classics",74
"Red Start Diecast",74
"Unimax Art Galleries",74
"Gearbox Collectibles",74
"Welly Diecast Productions",74
"Autoart Studio Design",74
"Highway 66 Mini Classics",74
"Unimax Art Galleries",74
"Exoto Designs",74
"Highway 66 Mini Classics",74
"Studio M Art Models",71
"Classic Metal Creations",71
"Highway 66 Mini Classics",71
"Classic Metal Creations",71
"Gearbox Collectibles",71
"Second Gear Diecast",71
"Autoart Studio Design",71
"Min Lin Diecast",5
"Gearbox Collectibles",5
"Autoart Studio Design",4
"Welly Diecast Productions",4
"Studio M Art Models",4
"Welly Diecast Productions",4
"Highway 66 Mini Classics",4
"Classic Metal Creations",4
"Gearbox Collectibles",4
"Min Lin Diecast",4
"Red Start Diecast",4
"Unimax Art Galleries",4
"Gearbox Collectibles",4
"Carousel DieCast Legends",4
"Second Gear Diecast",4
"Welly Diecast Productions",4
"Classic Metal Creations",4
"Studio M Art Models",2
"Unimax Art Galleries",2
"Classic Metal Creations",2
"Exoto Designs",2
"Exoto Designs",2
"Gearbox Collectibles",2
"Motor City Art Classics",2
"Studio M Art Models",2
"Welly Diecast Productions",2
"Motor City Art Classics",2
"Autoart Studio Design",2
"Gearbox Collectibles",2
"Exoto Designs",2
"Exoto Designs",2
"Motor City Art Classics",2
"Classic Metal Creations",2
"Red Start Diecast",2
"Min Lin Diecast",2
"Second Gear Diecast",2
"Classic Metal Creations",5
"Second Gear Diecast",5
"Welly Diecast Productions",5
"Studio M Art Models",5
"Carousel DieCast Legends",5
"Red Start Diecast",5
"Motor City Art Classics",5
"Studio M Art Models",5
"Motor City Art Classics",5
"Red Start Diecast",5
"Carousel DieCast Legends",5
"Exoto Designs",3
"Gearbox Collectibles",3
"Unimax Art Galleries",3
"Carousel DieCast Legends",3
"Unimax Art Galleries",3
"Highway 66 Mini Classics",3
"Autoart Studio Design",3
"Carousel DieCast Legends",3
"Exoto Designs",3
"Classic Metal Creations",3
"Highway 66 Mini Classics",3
"Second Gear Diecast",2
"Welly Diecast Productions",2
"Second Gear Diecast",2
"Min Lin Diecast",2
"Gearbox Collectibles",2
"Classic Metal Creations",2
"Motor City Art Classics",1
"Min Lin Diecast",1
"Unimax Art Galleries",1
"Carousel DieCast Legends",1
"Exoto Designs",1
"Exoto Designs",1
"Carousel DieCast Legends",1
"Min Lin Diecast",1
"Carousel DieCast Legends",1
"Autoart Studio Design",1
"Studio M Art Models",1
"Red Start Diecast",1
"Carousel DieCast Legends",1
"Welly Diecast Productions",1
"Unimax Art Galleries",1
"Red Start Diecast",1
"Autoart Studio Design",1
"Autoart Studio Design",1
"Unimax Art Galleries",1
"Motor City Art Classics",1
"Min Lin Diecast",6
"Highway 66 Mini Classics",6
"Red Start Diecast",6
"Gearbox Collectibles",6
"Welly Diecast Productions",6
"Autoart Studio Design",6
"Classic Metal Creations",6
"Highway 66 Mini Classics",6
"Second Gear Diecast",6
"Unimax Art Galleries",6
"Exoto Designs",6
"Highway 66 Mini Classics",6
"Studio M Art Models",6
"Min Lin Diecast",6
"Motor City Art Classics",6
"Highway 66 Mini Classics",6
"Motor City Art Classics",6
"Second Gear Diecast",6
"Autoart Studio Design",6
"Unimax Art Galleries",6
"Welly Diecast Productions",6
"Studio M Art Models",6
"Min Lin Diecast",6
"Gearbox Collectibles",6
"Studio M Art Models",6
"Classic Metal Creations",6
"Highway 66 Mini Classics",6
"Welly Diecast Productions",6
"Classic Metal Creations",6
"Gearbox Collectibles",6
"Second Gear Diecast",6
"Autoart Studio Design",6
"Welly Diecast Productions",1
"Highway 66 Mini Classics",3
"Classic Metal Creations",3
"Gearbox Collectibles",3
"Min Lin Diecast",3
"Red Start Diecast",3
"Unimax Art Galleries",3
"Gearbox Collectibles",3
"Carousel DieCast Legends",3
"Second Gear Diecast",3
"Classic Metal Creations",3
"Studio M Art Models",6
"Unimax Art Galleries",6
"Classic Metal Creations",6
"Exoto Designs",6
"Exoto Designs",6
"Gearbox Collectibles",6
"Classic Metal Creations",2
"Studio M Art Models",2
"Motor City Art Classics",2
"Studio M Art Models",2
"Welly Diecast Productions",2
"Motor City Art Classics",2
"Autoart Studio Design",2
"Gearbox Collectibles",2
"Carousel DieCast Legends",2
"Min Lin Diecast",2
"Red Start Diecast",2
"Exoto Designs",2
"Exoto Designs",2
"Motor City Art Classics",2
"Classic Metal Creations",2
"Red Start Diecast",2
"Second Gear Diecast",2
"Second Gear Diecast",4
"Welly Diecast Productions",4
"Exoto Designs",4
"Unimax Art Galleries",4
"Carousel DieCast Legends",4
"Unimax Art Galleries",4
"Motor City Art Classics",4
"Studio M Art Models",4
"Autoart Studio Design",4
"Carousel DieCast Legends",4
"Motor City Art Classics",4
"Classic Metal Creations",4
"Red Start Diecast",4
"Carousel DieCast Legends",4
"Second Gear Diecast",2
"Welly Diecast Productions",2
"Second Gear Diecast",2
"Gearbox Collectibles",2
"Unimax Art Galleries",2
"Carousel DieCast Legends",2
"Min Lin Diecast",2
"Highway 66 Mini Classics",2
"Exoto Designs",2
"Gearbox Collectibles",2
"Highway 66 Mini Classics",2
"Classic Metal Creations",2
"Studio M Art Models",2
"Motor City Art Classics",3
"Min Lin Diecast",3
"Exoto Designs",3
"Exoto Designs",3
"Carousel DieCast Legends",3
"Min Lin Diecast",3
"Carousel DieCast Legends",3
"Autoart Studio Design",3
"Unimax Art Galleries",3
"Red Start Diecast",3
"Carousel DieCast Legends",3
"Welly Diecast Productions",3
"Motor City Art Classics",3
"Unimax Art Galleries",3
"Red Start Diecast",5
"Gearbox Collectibles",5
"Classic Metal Creations",5
"Autoart Studio Design",5
"Autoart Studio Design",5
"Second Gear Diecast",5
"Unimax Art Galleries",5
"Highway 66 Mini Classics",5
"Studio M Art Models",5
"Min Lin Diecast",5
"Motor City Art Classics",5
"Motor City Art Classics",5
"Second Gear Diecast",5
"Min Lin Diecast",4
"Highway 66 Mini Classics",4
"Red Start Diecast",4
"Unimax Art Galleries",4
"Welly Diecast Productions",4
"Autoart Studio Design",4
"Highway 66 Mini Classics",4
"Highway 66 Mini Classics",4
"Exoto Designs",4
"Gearbox Collectibles",4
"Second Gear Diecast",4
"Autoart Studio Design",4
"Highway 66 Mini Classics",4
"Studio M Art Models",73
"Autoart Studio Design",71
"Welly Diecast Productions",71
"Studio M Art Models",71
"Welly Diecast Productions",71
"Highway 66 Mini Classics",71
"Gearbox Collectibles",71
"Min Lin Diecast",71
"Red Start Diecast",71
"Unimax Art Galleries",71
"Min Lin Diecast",71
"Gearbox Collectibles",71
"Gearbox Collectibles",71
"Classic Metal Creations",71
"Second Gear Diecast",71
"Welly Diecast Productions",71
"Classic Metal Creations",71
"Classic Metal Creations",71
"Classic Metal Creations",4
"Welly Diecast Productions",4
"Motor City Art Classics",4
"Autoart Studio Design",4
"Exoto Designs",4
"Studio M Art Models",4
"Unimax Art Galleries",4
"Carousel DieCast Legends",4
"Motor City Art Classics",4
"Classic Metal Creations",4
"Exoto Designs",4
"Exoto Designs",4
"Gearbox Collectibles",4
"Red Start Diecast",4
"Motor City Art Classics",1
"Studio M Art Models",1
"Gearbox Collectibles",1
"Classic Metal Creations",1
"Exoto Designs",6
"Second Gear Diecast",6
"Classic Metal Creations",6
"Second Gear Diecast",6
"Welly Diecast Productions",6
"Studio M Art Models",6
"Carousel DieCast Legends",6
"Carousel DieCast Legends",6
"Min Lin Diecast",6
"Red Start Diecast",6
"Motor City Art Classics",6
"Studio M Art Models",6
"Autoart Studio Design",6
"Motor City Art Classics",6
"Red Start Diecast",6
"Carousel DieCast Legends",6
"Exoto Designs",3
"Gearbox Collectibles",3
"Unimax Art Galleries",3
"Unimax Art Galleries",3
"Min Lin Diecast",3
"Highway 66 Mini Classics",3
"Carousel DieCast Legends",3
"Exoto Designs",3
"Classic Metal Creations",3
"Gearbox Collectibles",3
"Highway 66 Mini Classics",3
"Classic Metal Creations",3
"Second Gear Diecast",5
"Welly Diecast Productions",5
"Second Gear Diecast",5
"Unimax Art Galleries",5
"Carousel DieCast Legends",5
"Exoto Designs",5
"Carousel DieCast Legends",5
"Studio M Art Models",5
"Unimax Art Galleries",5
"Welly Diecast Productions",4
"Motor City Art Classics",4
"Min Lin Diecast",4
"Autoart Studio Design",4
"Red Start Diecast",4
"Carousel DieCast Legends",4
"Red Start Diecast",1
"Min Lin Diecast",1
"Exoto Designs",1
"Autoart Studio Design",1
"Autoart Studio Design",1
"Carousel DieCast Legends",1
"Second Gear Diecast",1
"Studio M Art Models",1
"Min Lin Diecast",1
"Unimax Art Galleries",1
"Motor City Art Classics",1
"Motor City Art Classics",1
"Second Gear Diecast",1
"Motor City Art Classics",1
"Gearbox Collectibles",5
"Classic Metal Creations",5
"Highway 66 Mini Classics",5
"Unimax Art Galleries",5
"Exoto Designs",5
"Highway 66 Mini Classics",5
"Highway 66 Mini Classics",5
"Highway 66 Mini Classics",74
"Welly Diecast Productions",74
"Min Lin Diecast",71
"Red Start Diecast",71
"Unimax Art Galleries",71
"Studio M Art Models",71
"Classic Metal Creations",71
"Autoart Studio Design",71
"Highway 66 Mini Classics",71
"Classic Metal Creations",71
"Gearbox Collectibles",71
"Second Gear Diecast",71
"Autoart Studio Design",71
"Autoart Studio Design",5
"Welly Diecast Productions",5
"Studio M Art Models",5
"Welly Diecast Productions",5
"Gearbox Collectibles",5
"Min Lin Diecast",5
"Gearbox Collectibles",5
"Welly Diecast Productions",5
"Highway 66 Mini Classics",3
"Classic Metal Creations",3
"Min Lin Diecast",3
"Red Start Diecast",3
"Unimax Art Galleries",3
"Gearbox Collectibles",3
"Unimax Art Galleries",3
"Carousel DieCast Legends",3
"Second Gear Diecast",3
"Gearbox Collectibles",3
"Classic Metal Creations",3
"Welly Diecast Productions",1
"Exoto Designs",1
"Studio M Art Models",1
"Classic Metal Creations",1
"Exoto Designs",1
"Exoto Designs",1
"Motor City Art Classics",3
"Red Start Diecast",3
"Classic Metal Creations",6
"Welly Diecast Productions",6
"Studio M Art Models",6
"Motor City Art Classics",6
"Studio M Art Models",6
"Autoart Studio Design",6
"Gearbox Collectibles",6
"Carousel DieCast Legends",6
"Min Lin Diecast",6
"Red Start Diecast",6
"Exoto Designs",6
"Studio M Art Models",6
"Motor City Art Classics",6
"Classic Metal Creations",6
"Second Gear Diecast",6
"Red Start Diecast",6
"Carousel DieCast Legends",6
"Second Gear Diecast",2
"Exoto Designs",2
"Gearbox Collectibles",2
"Unimax Art Galleries",2
"Carousel DieCast Legends",2
"Unimax Art Galleries",2
"Motor City Art Classics",2
"Highway 66 Mini Classics",2
"Autoart Studio Design",2
"Carousel DieCast Legends",2
"Exoto Designs",2
"Motor City Art Classics",2
"Classic Metal Creations",2
"Highway 66 Mini Classics",2
"Second Gear Diecast",3
"Welly Diecast Productions",3
"Second Gear Diecast",3
"Unimax Art Galleries",3
"Carousel DieCast Legends",3
"Min Lin Diecast",3
"Exoto Designs",3
"Carousel DieCast Legends",3
"Min Lin Diecast",3
"Gearbox Collectibles",3
"Classic Metal Creations",3
"Autoart Studio Design",3
"Studio M Art Models",3
"Red Start Diecast",3
"Carousel DieCast Legends",3
"Welly Diecast Productions",3
"Unimax Art Galleries",3
"Motor City Art Classics",6
"Red Start Diecast",6
"Min Lin Diecast",6
"Exoto Designs",6
"Autoart Studio Design",6
"Autoart Studio Design",6
"Carousel DieCast Legends",6
"Unimax Art Galleries",6
"Motor City Art Classics",6
"Highway 66 Mini Classics",5
"Red Start Diecast",5
"Gearbox Collectibles",5
"Welly Diecast Productions",5
"Classic Metal Creations",5
"Highway 66 Mini Classics",5
"Second Gear Diecast",5
"Unimax Art Galleries",5
"Exoto Designs",5
"Highway 66 Mini Classics",5
"Studio M Art Models",5
"Min Lin Diecast",5
"Motor City Art Classics",5
"Highway 66 Mini Classics",5
"Motor City Art Classics",5
"Second Gear Diecast",5
"Min Lin Diecast",3
"Unimax Art Galleries",3
"Autoart Studio Design",3
"Highway 66 Mini Classics",3
"Second Gear Diecast",3
"Autoart Studio Design",3
"Autoart Studio Design",2
"Welly Diecast Productions",2
"Studio M Art Models",2
"Welly Diecast Productions",2
"Highway 66 Mini Classics",2
"Gearbox Collectibles",2
"Min Lin Diecast",2
"Unimax Art Galleries",2
"Min Lin Diecast",2
"Gearbox Collectibles",2
"Studio M Art Models",2
"Classic Metal Creations",2
"Second Gear Diecast",2
"Welly Diecast Productions",2
"Classic Metal Creations",2
"Classic Metal Creations",2
"Gearbox Collectibles",2
"Classic Metal Creations",4
"Red Start Diecast",4
"Gearbox Collectibles",4
"Exoto Designs",4
"Studio M Art Models",4
"Unimax Art Galleries",4
"Carousel DieCast Legends",4
"Classic Metal Creations",4
"Exoto Designs",4
"Exoto Designs",4
"Gearbox Collectibles",4
"Classic Metal Creations",2
"Studio M Art Models",2
"Motor City Art Classics",2
"Studio M Art Models",2
"Welly Diecast Productions",2
"Motor City Art Classics",2
"Autoart Studio Design",2
"Gearbox Collectibles",2
"Carousel DieCast Legends",2
"Min Lin Diecast",2
"Red Start Diecast",2
"Exoto Designs",2
"Studio M Art Models",2
"Motor City Art Classics",2
"Classic Metal Creations",2
"Red Start Diecast",2
"Second Gear Diecast",2
"Second Gear Diecast",3
"Welly Diecast Productions",3
"Unimax Art Galleries",3
"Carousel DieCast Legends",3
"Unimax Art Galleries",3
"Motor City Art Classics",3
"Autoart Studio Design",3
"Motor City Art Classics",3
"Classic Metal Creations",3
"Red Start Diecast",3
"Carousel DieCast Legends",3
"Second Gear Diecast",1
"Welly Diecast Productions",1
"Second Gear Diecast",1
"Exoto Designs",1
"Gearbox Collectibles",1
"Unimax Art Galleries",1
"Carousel DieCast Legends",1
"Min Lin Diecast",1
"Highway 66 Mini Classics",1
"Carousel DieCast Legends",1
"Exoto Designs",1
"Gearbox Collectibles",1
"Highway 66 Mini Classics",1
"Classic Metal Creations",1
"Studio M Art Models",1
"Exoto Designs",1
"Carousel DieCast Legends",1
"Min Lin Diecast",1
"Autoart Studio Design",1
"Carousel DieCast Legends",1
"Welly Diecast Productions",1
"Unimax Art Galleries",1
"Motor City Art Classics",6
"Red Start Diecast",6
"Min Lin Diecast",6
"Exoto Designs",6
"Classic Metal Creations",6
"Autoart Studio Design",6
"Autoart Studio Design",6
"Carousel DieCast Legends",6
"Second Gear Diecast",6
"Highway 66 Mini Classics",6
"Studio M Art Models",6
"Min Lin Diecast",6
"Unimax Art Galleries",6
"Motor City Art Classics",6
"Red Start Diecast",6
"Motor City Art Classics",6
"Second Gear Diecast",6
"Motor City Art Classics",6
"Unimax Art Galleries",6
"Min Lin Diecast",5
"Highway 66 Mini Classics",5
"Red Start Diecast",5
"Gearbox Collectibles",5
"Welly Diecast Productions",5
"Autoart Studio Design",5
"Highway 66 Mini Classics",5
"Exoto Designs",5
"Highway 66 Mini Classics",5
"Unimax Art Galleries",3
"Min Lin Diecast",3
"Studio M Art Models",3
"Classic Metal Creations",3
"Highway 66 Mini Classics",3
"Classic Metal Creations",3
"Gearbox Collectibles",3
"Second Gear Diecast",3
"Autoart Studio Design",3
"Autoart Studio Design",4
"Welly Diecast Productions",4
"Studio M Art Models",4
"Gearbox Collectibles",4
"Welly Diecast Productions",4
"Welly Diecast Productions",3
"Highway 66 Mini Classics",3
"Classic Metal Creations",3
"Gearbox Collectibles",3
"Min Lin Diecast",3
"Red Start Diecast",3
"Unimax Art Galleries",3
"Gearbox Collectibles",3
"Unimax Art Galleries",3
"Carousel DieCast Legends",3
"Classic Metal Creations",3
"Second Gear Diecast",3
"Exoto Designs",3
"Gearbox Collectibles",3
"Classic Metal Creations",3
"Classic Metal Creations",6
"Second Gear Diecast",6
"Welly Diecast Productions",6
"Studio M Art Models",6
"Motor City Art Classics",6
"Studio M Art Models",6
"Autoart Studio Design",6
"Carousel DieCast Legends",6
"Gearbox Collectibles",6
"Carousel DieCast Legends",6
"Min Lin Diecast",6
"Red Start Diecast",6
"Motor City Art Classics",6
"Classic Metal Creations",6
"Exoto Designs",4
"Motor City Art Classics",4
"Welly Diecast Productions",3
"Exoto Designs",3
"Gearbox Collectibles",3
"Unimax Art Galleries",3
"Unimax Art Galleries",3
"Min Lin Diecast",3
"Studio M Art Models",3
"Highway 66 Mini Classics",3
"Autoart Studio Design",3
"Carousel DieCast Legends",3
"Second Gear Diecast",3
"Motor City Art Classics",3
"Red Start Diecast",3
"Carousel DieCast Legends",3
"Motor City Art Classics",3
"Second Gear Diecast",3
"Second Gear Diecast",3
"Unimax Art Galleries",3
"Exoto Designs",3
"Classic Metal Creations",3
"Gearbox Collectibles",3
"Highway 66 Mini Classics",3
"Classic Metal Creations",3
"Carousel DieCast Legends",1
"Exoto Designs",1
"Carousel DieCast Legends",1
"Min Lin Diecast",1
"Carousel DieCast Legends",1
"Autoart Studio Design",1
"Red Start Diecast",3
"Gearbox Collectibles",3
"Min Lin Diecast",3
"Studio M Art Models",3
"Red Start Diecast",3
"Carousel DieCast Legends",3
"Welly Diecast Productions",3
"Unimax Art Galleries",3
"Exoto Designs",6
"Classic Metal Creations",6
"Autoart Studio Design",6
"Autoart Studio Design",6
"Second Gear Diecast",6
"Unimax Art Galleries",6
"Highway 66 Mini Classics",6
"Studio M Art Models",6
"Min Lin Diecast",6
"Unimax Art Galleries",6
"Motor City Art Classics",6
"Highway 66 Mini Classics",6
"Motor City Art Classics",6
"Second Gear Diecast",6
"Min Lin Diecast",1
"Highway 66 Mini Classics",1
"Red Start Diecast",1
"Autoart Studio Design",1
"Unimax Art Galleries",1
"Welly Diecast Productions",1
"Studio M Art Models",1
"Welly Diecast Productions",1
"Gearbox Collectibles",1
"Welly Diecast Productions",1
"Min Lin Diecast",1
"Autoart Studio Design",1
"Highway 66 Mini Classics",1
"Exoto Designs",1
"Motor City Art Classics",1
"Gearbox Collectibles",5
"Studio M Art Models",5
"Classic Metal Creations",5
"Highway 66 Mini Classics",5
"Highway 66 Mini Classics",6
"Classic Metal Creations",6
"Welly Diecast Productions",6
"Min Lin Diecast",6
"Red Start Diecast",6
"Unimax Art Galleries",6
"Gearbox Collectibles",6
"Second Gear Diecast",6
"Welly Diecast Productions",6
"Classic Metal Creations",6
"Classic Metal Creations",6
"Gearbox Collectibles",6
"Second Gear Diecast",6
"Autoart Studio Design",6
"Motor City Art Classics",1
"Studio M Art Models",1
"Motor City Art Classics",1
"Autoart Studio Design",1
"Gearbox Collectibles",1
"Min Lin Diecast",1
"Red Start Diecast",1
"Exoto Designs",1
"Studio M Art Models",1
"Unimax Art Galleries",1
"Carousel DieCast Legends",1
"Motor City Art Classics",1
"Classic Metal Creations",1
"Classic Metal Creations",1
"Exoto Designs",1
"Exoto Designs",1
"Gearbox Collectibles",1
"Red Start Diecast",1
"Classic Metal Creations",2
"Welly Diecast Productions",2
"Studio M Art Models",2
"Carousel DieCast Legends",2
"Exoto Designs",2
"Studio M Art Models",2
"Second Gear Diecast",2
"Red Start Diecast",2
"Second Gear Diecast",NULL
"Unimax Art Galleries",NULL
"Carousel DieCast Legends",NULL
"Unimax Art Galleries",NULL
"Motor City Art Classics",NULL
"Autoart Studio Design",NULL
"Carousel DieCast Legends",4
"Motor City Art Classics",4
"Classic Metal Creations",4
"Second Gear Diecast",4
"Welly Diecast Productions",4
"Second Gear Diecast",4
"Exoto Designs",4
"Gearbox Collectibles",4
"Unimax Art Galleries",4
"Carousel DieCast Legends",4
"Highway 66 Mini Classics",4
"Exoto Designs",4
"Gearbox Collectibles",4
"Highway 66 Mini Classics",4
"Carousel DieCast Legends",4
"Motor City Art Classics",5
"Min Lin Diecast",5
"Exoto Designs",5
"Carousel DieCast Legends",5
"Classic Metal Creations",5
"Studio M Art Models",5
"Carousel DieCast Legends",5
"Welly Diecast Productions",5
"Unimax Art Galleries",5
"Red Start Diecast",5
"Min Lin Diecast",5
"Exoto Designs",5
"Highway 66 Mini Classics",7
"Red Start Diecast",7
"Gearbox Collectibles",7
"Welly Diecast Productions",7
"Autoart Studio Design",7
"Classic Metal Creations",7
"Autoart Studio Design",7
"Min Lin Diecast",7
"Autoart Studio Design",7
"Carousel DieCast Legends",7
"Second Gear Diecast",7
"Autoart Studio Design",7
"Unimax Art Galleries",7
"Red Start Diecast",7
"Second Gear Diecast",7
"Motor City Art Classics",7
"Highway 66 Mini Classics",1
"Unimax Art Galleries",1
"Exoto Designs",1
"Highway 66 Mini Classics",1
"Studio M Art Models",1
"Min Lin Diecast",1
"Motor City Art Classics",1
"Highway 66 Mini Classics",1
"Min Lin Diecast",5
"Autoart Studio Design",5
"Unimax Art Galleries",5
"Welly Diecast Productions",5
"Studio M Art Models",5
"Welly Diecast Productions",5
"Highway 66 Mini Classics",5
"Second Gear Diecast",5
"Autoart Studio Design",5
"Motor City Art Classics",5
"Highway 66 Mini Classics",5
"Gearbox Collectibles",5
"Min Lin Diecast",5
"Unimax Art Galleries",5
"Min Lin Diecast",5
"Gearbox Collectibles",5
"Studio M Art Models",5
"Classic Metal Creations",5
"Second Gear Diecast",5
"Welly Diecast Productions",5
"Classic Metal Creations",5
"Classic Metal Creations",2
"Red Start Diecast",2
"Gearbox Collectibles",2
"Carousel DieCast Legends",2
"Classic Metal Creations",2
"Gearbox Collectibles",2
"Welly Diecast Productions",4
"Motor City Art Classics",4
"Autoart Studio Design",4
"Exoto Designs",4
"Studio M Art Models",4
"Unimax Art Galleries",4
"Motor City Art Classics",4
"Classic Metal Creations",1
"Motor City Art Classics",1
"Classic Metal Creations",1
"Exoto Designs",1
"Exoto Designs",1
"Gearbox Collectibles",1
"Red Start Diecast",1
"Classic Metal Creations",1
"Second Gear Diecast",1
"Welly Diecast Productions",1
"Studio M Art Models",1
"Studio M Art Models",1
"Carousel DieCast Legends",1
"Gearbox Collectibles",1
"Carousel DieCast Legends",1
"Min Lin Diecast",1
"Red Start Diecast",1
"Exoto Designs",1
"Motor City Art Classics",1
"Second Gear Diecast",4
"Welly Diecast Productions",4
"Studio M Art Models",4
"Autoart Studio Design",4
"Second Gear Diecast",4
"Motor City Art Classics",4
"Red Start Diecast",4
"Carousel DieCast Legends",4
"Second Gear Diecast",2
"Exoto Designs",2
"Gearbox Collectibles",2
"Unimax Art Galleries",2
"Unimax Art Galleries",2
"Min Lin Diecast",2
"Highway 66 Mini Classics",2
"Carousel DieCast Legends",2
"Exoto Designs",2
"Classic Metal Creations",2
"Motor City Art Classics",3
"Min Lin Diecast",3
"Unimax Art Galleries",3
"Carousel DieCast Legends",3
"Exoto Designs",3
"Carousel DieCast Legends",3
"Min Lin Diecast",3
"Carousel DieCast Legends",3
"Gearbox Collectibles",3
"Highway 66 Mini Classics",3
"Classic Metal Creations",3
"Autoart Studio Design",3
"Studio M Art Models",3
"Red Start Diecast",3
"Carousel DieCast Legends",3
"Welly Diecast Productions",3
"Unimax Art Galleries",3
"Red Start Diecast",4
"Exoto Designs",4
"Autoart Studio Design",4
"Autoart Studio Design",4
"Second Gear Diecast",4
"Unimax Art Galleries",6
"Motor City Art Classics",6
"Second Gear Diecast",6
"Motor City Art Classics",6
"Gearbox Collectibles",1
"Classic Metal Creations",1
"Unimax Art Galleries",1
"Exoto Designs",1
"Highway 66 Mini Classics",1
"Studio M Art Models",1
"Min Lin Diecast",1
"Highway 66 Mini Classics",1
"Motor City Art Classics",1
"Min Lin Diecast",1
"Highway 66 Mini Classics",1
"Red Start Diecast",1
"Autoart Studio Design",1
"Unimax Art Galleries",1
"Welly Diecast Productions",1
"Studio M Art Models",1
"Welly Diecast Productions",1
"Gearbox Collectibles",1
"Welly Diecast Productions",1
"Min Lin Diecast",1
"Autoart Studio Design",1
"Highway 66 Mini Classics",1
"Gearbox Collectibles",6
"Studio M Art Models",6
"Classic Metal Creations",6
"Highway 66 Mini Classics",6
"Second Gear Diecast",6
"Welly Diecast Productions",6
"Classic Metal Creations",6
"Classic Metal Creations",6
"Gearbox Collectibles",6
"Second Gear Diecast",6
"Highway 66 Mini Classics",3
"Motor City Art Classics",3
"Studio M Art Models",3
"Min Lin Diecast",3
"Autoart Studio Design",3
"Gearbox Collectibles",3
"Motor City Art Classics",3
"Classic Metal Creations",3
"Autoart Studio Design",3
"Classic Metal Creations",4
"Second Gear Diecast",4
"Welly Diecast Productions",4
"Studio M Art Models",4
"Carousel DieCast Legends",4
"Carousel DieCast Legends",4
"Min Lin Diecast",4
"Red Start Diecast",4
"Exoto Designs",4
"Motor City Art Classics",4
"Welly Diecast Productions",6
"Exoto Designs",6
"Gearbox Collectibles",6
"Unimax Art Galleries",6
"Unimax Art Galleries",6
"Min Lin Diecast",6
"Studio M Art Models",6
"Highway 66 Mini Classics",6
"Autoart Studio Design",6
"Carousel DieCast Legends",6
"Second Gear Diecast",6
"Motor City Art Classics",6
"Red Start Diecast",6
"Carousel DieCast Legends",6
"Motor City Art Classics",3
"Second Gear Diecast",3
"Second Gear Diecast",3
"Exoto Designs",3
"Classic Metal Creations",3
"Gearbox Collectibles",3
"Highway 66 Mini Classics",3
"Classic Metal Creations",3
"Red Start Diecast",2
"Gearbox Collectibles",2
"Min Lin Diecast",2
"Unimax Art Galleries",2
"Carousel DieCast Legends",2
"Exoto Designs",2
"Exoto Designs",2
"Classic Metal Creations",2
"Carousel DieCast Legends",2
"Autoart Studio Design",2
"Min Lin Diecast",2
"Carousel DieCast Legends",2
"Autoart Studio Design",2
"Studio M Art Models",2
"Red Start Diecast",2
"Carousel DieCast Legends",2
"Welly Diecast Productions",2
"Unimax Art Galleries",2
"Min Lin Diecast",3
"Highway 66 Mini Classics",3
"Autoart Studio Design",3
"Second Gear Diecast",3
"Unimax Art Galleries",3
"Highway 66 Mini Classics",3
"Studio M Art Models",3
"Min Lin Diecast",3
"Unimax Art Galleries",3
"Motor City Art Classics",3
"Highway 66 Mini Classics",3
"Motor City Art Classics",3
"Second Gear Diecast",3
"Motor City Art Classics",3
"Red Start Diecast",5
"Unimax Art Galleries",5
"Welly Diecast Productions",5
"Autoart Studio Design",5
"Autoart Studio Design",4
"Welly Diecast Productions",4
"Studio M Art Models",4
"Welly Diecast Productions",4
"Gearbox Collectibles",4
"Min Lin Diecast",4
"Gearbox Collectibles",4
"Studio M Art Models",4
"Classic Metal Creations",4
"Highway 66 Mini Classics",4
"Highway 66 Mini Classics",4
"Welly Diecast Productions",4
"Classic Metal Creations",4
"Classic Metal Creations",4
"Exoto Designs",4
"Gearbox Collectibles",3
"Highway 66 Mini Classics",4
"Second Gear Diecast",4
"Autoart Studio Design",4
"Min Lin Diecast",2
"Red Start Diecast",2
"Unimax Art Galleries",2
"Classic Metal Creations",4
"Welly Diecast Productions",4
"Motor City Art Classics",4
"Autoart Studio Design",4
"Gearbox Collectibles",4
"Gearbox Collectibles",4
"Exoto Designs",4
"Studio M Art Models",4
"Unimax Art Galleries",4
"Carousel DieCast Legends",4
"Motor City Art Classics",4
"Classic Metal Creations",4
"Second Gear Diecast",4
"Classic Metal Creations",5
"Exoto Designs",5
"Exoto Designs",5
"Gearbox Collectibles",5
"Red Start Diecast",5
"Classic Metal Creations",4
"Motor City Art Classics",4
"Studio M Art Models",4
"Carousel DieCast Legends",4
"Min Lin Diecast",4
"Red Start Diecast",4
"Exoto Designs",4
"Second Gear Diecast",4
"Second Gear Diecast",5
"Welly Diecast Productions",5
"Studio M Art Models",5
"Unimax Art Galleries",5
"Carousel DieCast Legends",5
"Unimax Art Galleries",5
"Motor City Art Classics",5
"Studio M Art Models",5
"Red Start Diecast",5
"Second Gear Diecast",2
"Exoto Designs",2
"Gearbox Collectibles",2
"Highway 66 Mini Classics",2
"Autoart Studio Design",2
"Carousel DieCast Legends",2
"Exoto Designs",2
"Motor City Art Classics",2
"Classic Metal Creations",2
"Gearbox Collectibles",2
"Highway 66 Mini Classics",2
"Carousel DieCast Legends",2
"Welly Diecast Productions",2
"Second Gear Diecast",2
"Unimax Art Galleries",2
"Carousel DieCast Legends",2
"Min Lin Diecast",2
"Exoto Designs",2
"Carousel DieCast Legends",2
"Classic Metal Creations",2
"Studio M Art Models",2
"Motor City Art Classics",75
"Red Start Diecast",75
"Min Lin Diecast",75
"Exoto Designs",75
"Autoart Studio Design",75
"Min Lin Diecast",75
"Autoart Studio Design",75
"Carousel DieCast Legends",75
"Second Gear Diecast",75
"Autoart Studio Design",75
"Unimax Art Galleries",75
"Red Start Diecast",75
"Carousel DieCast Legends",75
"Welly Diecast Productions",75
"Second Gear Diecast",75
"Motor City Art Classics",75
"Unimax Art Galleries",75
"Highway 66 Mini Classics",1
"Red Start Diecast",1
"Gearbox Collectibles",1
"Welly Diecast Productions",1
"Autoart Studio Design",1
"Classic Metal Creations",1
"Min Lin Diecast",3
"Autoart Studio Design",3
"Unimax Art Galleries",3
"Highway 66 Mini Classics",3
"Highway 66 Mini Classics",3
"Unimax Art Galleries",3
"Exoto Designs",3
"Highway 66 Mini Classics",3
"Second Gear Diecast",3
"Studio M Art Models",3
"Autoart Studio Design",3
"Min Lin Diecast",3
"Motor City Art Classics",3
"Highway 66 Mini Classics",3
"Motor City Art Classics",3
"Welly Diecast Productions",5
"Studio M Art Models",3
"Welly Diecast Productions",3
"Highway 66 Mini Classics",3
"Gearbox Collectibles",3
"Min Lin Diecast",3
"Unimax Art Galleries",3
"Classic Metal Creations",1
"Min Lin Diecast",1
"Gearbox Collectibles",1
"Studio M Art Models",1
"Classic Metal Creations",1
"Second Gear Diecast",1
"Welly Diecast Productions",1
"Classic Metal Creations",1
"Classic Metal Creations",1
"Gearbox Collectibles",1
"Welly Diecast Productions",1
"Motor City Art Classics",1
"Red Start Diecast",1
"Gearbox Collectibles",1
"Carousel DieCast Legends",1
"Motor City Art Classics",2
"Autoart Studio Design",2
"Gearbox Collectibles",2
"Exoto Designs",2
"Studio M Art Models",2
"Unimax Art Galleries",2
"Motor City Art Classics",2
"Classic Metal Creations",2
"Classic Metal Creations",2
"Exoto Designs",2
"Exoto Designs",2
"Gearbox Collectibles",2
"Red Start Diecast",2
"Classic Metal Creations",1
"Second Gear Diecast",1
"Welly Diecast Productions",1
"Studio M Art Models",1
"Studio M Art Models",1
"Carousel DieCast Legends",1
"Carousel DieCast Legends",1
"Min Lin Diecast",1
"Red Start Diecast",1
"Second Gear Diecast",1
"Welly Diecast Productions",1
"Second Gear Diecast",1
"Exoto Designs",1
"Gearbox Collectibles",1
"Exoto Designs",1
"Motor City Art Classics",1
"Studio M Art Models",1
"Autoart Studio Design",1
"Second Gear Diecast",1
"Motor City Art Classics",1
"Red Start Diecast",1
"Carousel DieCast Legends",1
"Unimax Art Galleries",3
"Unimax Art Galleries",3
"Unimax Art Galleries",3
"Carousel DieCast Legends",3
"Min Lin Diecast",3
"Exoto Designs",3
"Highway 66 Mini Classics",3
"Carousel DieCast Legends",3
"Exoto Designs",3
"Classic Metal Creations",3
"Gearbox Collectibles",3
"Highway 66 Mini Classics",3
"Classic Metal Creations",3
"Motor City Art Classics",4
"Carousel DieCast Legends",4
"Min Lin Diecast",4
"Studio M Art Models",4
"Carousel DieCast Legends",73
"Autoart Studio Design",73
"Red Start Diecast",5
"Gearbox Collectibles",5
"Min Lin Diecast",5
"Exoto Designs",5
"Classic Metal Creations",5
"Autoart Studio Design",5
"Autoart Studio Design",5
"Second Gear Diecast",5
"Unimax Art Galleries",5
"Unimax Art Galleries",5
"Motor City Art Classics",5
"Red Start Diecast",5
"Motor City Art Classics",5
"Carousel DieCast Legends",5
"Welly Diecast Productions",5
"Second Gear Diecast",5
"Motor City Art Classics",5
"Unimax Art Galleries",5
"Exoto Designs",4
"Min Lin Diecast",6
"Highway 66 Mini Classics",6
"Red Start Diecast",6
"Unimax Art Galleries",6
"Highway 66 Mini Classics",6
"Studio M Art Models",6
"Min Lin Diecast",6
"Highway 66 Mini Classics",6
"Autoart Studio Design",5
"Welly Diecast Productions",5
"Studio M Art Models",5
"Welly Diecast Productions",5
"Gearbox Collectibles",5
"Welly Diecast Productions",5
"Autoart Studio Design",5
"Highway 66 Mini Classics",5
"Highway 66 Mini Classics",3
"Min Lin Diecast",3
"Autoart Studio Design",3
"Gearbox Collectibles",3
"Min Lin Diecast",3
"Gearbox Collectibles",3
"Studio M Art Models",3
"Classic Metal Creations",3
"Highway 66 Mini Classics",3
"Second Gear Diecast",3
"Welly Diecast Productions",3
"Classic Metal Creations",3
"Classic Metal Creations",3
"Gearbox Collectibles",3
"Second Gear Diecast",3
"Autoart Studio Design",3
"Classic Metal Creations",6
"Second Gear Diecast",6
"Welly Diecast Productions",6
"Studio M Art Models",6
"Motor City Art Classics",6
"Studio M Art Models",6
"Carousel DieCast Legends",6
"Carousel DieCast Legends",6
"Motor City Art Classics",6
"Classic Metal Creations",6
"Min Lin Diecast",2
"Red Start Diecast",2
"Exoto Designs",2
"Welly Diecast Productions",3
"Exoto Designs",3
"Gearbox Collectibles",3
"Unimax Art Galleries",3
"Motor City Art Classics",3
"Studio M Art Models",3
"Autoart Studio Design",3
"Second Gear Diecast",3
"Motor City Art Classics",3
"Red Start Diecast",3
"Carousel DieCast Legends",3
"Unimax Art Galleries",4
"Min Lin Diecast",4
"Highway 66 Mini Classics",4
"Carousel DieCast Legends",4
"Exoto Designs",4
"Classic Metal Creations",4
"Gearbox Collectibles",4
"Motor City Art Classics",6
"Second Gear Diecast",6
"Highway 66 Mini Classics",6
"Classic Metal Creations",6
"Second Gear Diecast",5
"Unimax Art Galleries",5
"Carousel DieCast Legends",5
"Exoto Designs",5
"Carousel DieCast Legends",5
"Min Lin Diecast",5
"Carousel DieCast Legends",5
"Autoart Studio Design",5
"Studio M Art Models",73
"Red Start Diecast",73
"Carousel DieCast Legends",73
"Welly Diecast Productions",73
"Unimax Art Galleries",73
"Red Start Diecast",1
"Gearbox Collectibles",1
"Min Lin Diecast",1
"Exoto Designs",1
"Classic Metal Creations",1
"Autoart Studio Design",1
"Autoart Studio Design",1
"Second Gear Diecast",1
"Unimax Art Galleries",1
"Highway 66 Mini Classics",1
"Studio M Art Models",1
"Min Lin Diecast",1
"Unimax Art Galleries",1
"Motor City Art Classics",1
"Highway 66 Mini Classics",1
"Motor City Art Classics",1
"Second Gear Diecast",1
"Motor City Art Classics",1
"Min Lin Diecast",2
"Highway 66 Mini Classics",2
"Red Start Diecast",2
"Unimax Art Galleries",2
"Welly Diecast Productions",2
"Autoart Studio Design",2
"Highway 66 Mini Classics",2
"Exoto Designs",2
"Motor City Art Classics",3
"Red Start Diecast",3
"Min Lin Diecast",3
"Exoto Designs",3
"Autoart Studio Design",3
"Autoart Studio Design",3
"Carousel DieCast Legends",3
"Unimax Art Galleries",3
"Motor City Art Classics",3
"Gearbox Collectibles",NULL
"Classic Metal Creations",NULL
"Second Gear Diecast",NULL
"Unimax Art Galleries",NULL
"Exoto Designs",NULL
"Highway 66 Mini Classics",NULL
"Studio M Art Models",NULL
"Min Lin Diecast",NULL
"Motor City Art Classics",NULL
"Highway 66 Mini Classics",NULL
"Motor City Art Classics",NULL
"Second Gear Diecast",NULL
"Highway 66 Mini Classics",5
"Welly Diecast Productions",5
"Highway 66 Mini Classics",5
"Min Lin Diecast",3
"Red Start Diecast",3
"Unimax Art Galleries",3
"Studio M Art Models",3
"Autoart Studio Design",3
"Highway 66 Mini Classics",3
"Gearbox Collectibles",3
"Second Gear Diecast",3
"Autoart Studio Design",3
"Autoart Studio Design",3
"Welly Diecast Productions",3
"Studio M Art Models",3
"Min Lin Diecast",3
"Gearbox Collectibles",3
"Classic Metal Creations",3
"Welly Diecast Productions",3
"Classic Metal Creations",3
"Welly Diecast Productions",6
"Gearbox Collectibles",6
"Unimax Art Galleries",6
"Second Gear Diecast",6
"Classic Metal Creations",6
"Highway 66 Mini Classics",6
"Min Lin Diecast",6
"Gearbox Collectibles",6
"Classic Metal Creations",NULL
"Welly Diecast Productions",NULL
"Motor City Art Classics",NULL
"Red Start Diecast",NULL
"Exoto Designs",NULL
"Studio M Art Models",NULL
"Unimax Art Galleries",NULL
"Carousel DieCast Legends",NULL
"Classic Metal Creations",NULL
"Exoto Designs",NULL
"Exoto Designs",NULL
"Gearbox Collectibles",NULL
"Red Start Diecast",5
"Autoart Studio Design",1
"Motor City Art Classics",1
"Motor City Art Classics",1
"Studio M Art Models",1
"Gearbox Collectibles",1
"Carousel DieCast Legends",1
"Min Lin Diecast",1
"Red Start Diecast",1
"Exoto Designs",1
"Classic Metal Creations",1
"Second Gear Diecast",1
"Classic Metal Creations",5
"Second Gear Diecast",5
"Welly Diecast Productions",5
"Studio M Art Models",5
"Motor City Art Classics",5
"Studio M Art Models",5
"Motor City Art Classics",5
"Red Start Diecast",5
"Carousel DieCast Legends",5
"Exoto Designs",2
"Gearbox Collectibles",2
"Unimax Art Galleries",2
"Carousel DieCast Legends",2
"Unimax Art Galleries",2
"Highway 66 Mini Classics",2
"Autoart Studio Design",2
"Carousel DieCast Legends",2
"Exoto Designs",2
"Classic Metal Creations",2
"Highway 66 Mini Classics",2
"Second Gear Diecast",4
"Welly Diecast Productions",4
"Second Gear Diecast",4
"Min Lin Diecast",4
"Gearbox Collectibles",4
"Classic Metal Creations",4
"Motor City Art Classics",NULL
"Min Lin Diecast",NULL
"Unimax Art Galleries",NULL
"Carousel DieCast Legends",NULL
"Exoto Designs",NULL
"Carousel DieCast Legends",NULL
"Min Lin Diecast",NULL
"Carousel DieCast Legends",NULL
"Autoart Studio Design",NULL
"Studio M Art Models",NULL
"Red Start Diecast",NULL
"Carousel DieCast Legends",NULL
"Welly Diecast Productions",NULL
"Unimax Art Galleries",NULL
"Exoto Designs",3
"Autoart Studio Design",3
"Autoart Studio Design",3
"Unimax Art Galleries",3
"Motor City Art Classics",3
"Red Start Diecast",4
"Gearbox Collectibles",4
"Classic Metal Creations",4
"Highway 66 Mini Classics",4
"Second Gear Diecast",4
"Unimax Art Galleries",4
"Exoto Designs",4
"Highway 66 Mini Classics",4
"Studio M Art Models",4
"Min Lin Diecast",4
"Motor City Art Classics",4
"Highway 66 Mini Classics",4
"Motor City Art Classics",4
"Second Gear Diecast",4
"Min Lin Diecast",6
"Highway 66 Mini Classics",6
"Red Start Diecast",6
"Unimax Art Galleries",6
"Welly Diecast Productions",6
"Autoart Studio Design",6
"Min Lin Diecast",4
"Gearbox Collectibles",4
"Studio M Art Models",4
"Classic Metal Creations",4
"Highway 66 Mini Classics",4
"Classic Metal Creations",4
"Gearbox Collectibles",4
"Second Gear Diecast",4
"Autoart Studio Design",4
"Autoart Studio Design",2
"Welly Diecast Productions",2
"Studio M Art Models",2
"Welly Diecast Productions",2
"Highway 66 Mini Classics",2
"Classic Metal Creations",2
"Gearbox Collectibles",2
"Min Lin Diecast",2
"Red Start Diecast",2
"Unimax Art Galleries",2
"Gearbox Collectibles",2
"Second Gear Diecast",2
"Welly Diecast Productions",2
"Classic Metal Creations",2
"Welly Diecast Productions",NULL
"Motor City Art Classics",NULL
"Autoart Studio Design",NULL
"Exoto Designs",NULL
"Studio M Art Models",NULL
"Unimax Art Galleries",NULL
"Carousel DieCast Legends",NULL
"Motor City Art Classics",NULL
"Classic Metal Creations",NULL
"Exoto Designs",NULL
"Exoto Designs",NULL
"Gearbox Collectibles",NULL
"Red Start Diecast",NULL
"Gearbox Collectibles",NULL
"Classic Metal Creations",NULL
"Motor City Art Classics",NULL
"Studio M Art Models",NULL
"Carousel DieCast Legends",NULL
"Min Lin Diecast",NULL
"Red Start Diecast",NULL
"Exoto Designs",NULL
"Second Gear Diecast",NULL
"Classic Metal Creations",NULL
"Welly Diecast Productions",NULL
"Studio M Art Models",NULL
"Studio M Art Models",NULL
"Red Start Diecast",NULL
"Carousel DieCast Legends",NULL
"Second Gear Diecast",NULL
"Exoto Designs",NULL
"Gearbox Collectibles",NULL
"Unimax Art Galleries",NULL
"Carousel DieCast Legends",NULL
"Unimax Art Galleries",NULL
"Motor City Art Classics",NULL
"Highway 66 Mini Classics",NULL
"Autoart Studio Design",NULL
"Carousel DieCast Legends",NULL
"Motor City Art Classics",NULL
"Classic Metal Creations",NULL
"Highway 66 Mini Classics",NULL
